<?xml version="1.0" encoding="UTF-8"?>
<!DOCTYPE hibernate-configuration PUBLIC
		"-//Hibernate/Hibernate Configuration DTD 3.0//EN"
		"http://hibernate.org/dtd/hibernate-configuration-3.0.dtd">
<hibernate-configuration>
    <session-factory>
        <property name="hibernate.connection.driver_class">com.mysql.cj.jdbc.Driver</property>
        <property name="hibernate.connection.url">jdbc:mysql://localhost:3306/student</property>
		<property name="hibernate.connection.username">root</property>
		<property name="hibernate.connection.password">1234</property>
        <property name="hibernate.connection.pool_size">10</property>    
      	<property name="show_sql">true</property> 
      	<property name="hibernate.hbm2ddl.auto">update</property>
           <mapping resource="Studentmap.hbm.xml"/>        
    </session-factory>    
</hibernate-configuration>